"col0","col1","col2","col3","col4","col5","col6","col7","col8","col9","col10","col11","col12","col13","col14","col15","col16","col17","col18","col19","col20","col21","col22","col23","col24","col25","col26","col27","col28","col29","col30","col31","col32","col33","col34","col35","col36","col37","col38","col39","col40","col41","col42","col43","col44","col45","col46","col47","col48","col49","col50","col51","col52","col53","col54","col55","col56"
"State","1970.0","1971.0","1972.0","1973.0","1974.0","1975.0","1976.0","1977.0","1978.0","1979.0","1980.0","1981.0","1982.0","1983.0","1984.0","1985.0","1986.0","1987.0","1988.0","1989.0","1990.0","1991.0","1992.0","1993.0","1994.0","1995.0","1996.0","1997.0","1998.0","1999.0","2000.0","2001.0","2002.0","2003.0","2004.0","2005.0","2006.0","2007.0","2008.0","2009.0","2010.0","2011.0","2012.0","2013.0","2014.0","2015.0","2016.0","2017.0","2018.0","2019.0","2020.0","2021.0","Percent","Absolute","Percent","Absolute"
"Alabama","102.646851366564","98.4611141576103","104.932503712156","109.563135476825","108.777542865247","107.77934626995","108.089154566654","111.683851961928","106.629516190143","111.552209732089","107.147223894583","103.751059321727","90.9272715083283","89.9139929639816","95.3256343344322","101.632199665464","101.680109927397","103.675810028103","104.944584587179","109.850854445123","109.63618649885","113.89355220629","120.681037354892","125.226172012583","123.212375909531","130.996584111916","137.220804034842","134.133290055411","133.524213322072","135.835297830328","142.298576642026","133.321949773699","138.297153078848","139.792468685284","141.979013354553","143.53208097027","145.768722337941","147.287642511231","139.359998298939","119.799631405851","132.488087274445","129.54632125285","122.631496644427","120.464375697848","122.633475977931","119.202912200077","113.9864834941","108.594555631502","112.355760549426","106.254616911174","98.4318033197756","108.392103042929","5.59710463582326%","5.74525167636456","10.1189853149341%","9.96029972315293"
"Alaska","11.3489097079969","12.6364227693534","13.4205880485349","12.4905643684354","12.7791098640717","14.524476947328","15.9693570122168","17.9503014092422","19.4828746362735","17.4732691723052","17.3827193228881","17.0443394947506","23.916105967594","25.921467633126","28.6309066748878","28.9842207300969","31.3972691160289","29.7496604902155","30.2302173953711","33.3032954938209","33.9282370253648","34.450250058894","35.8227175557388","35.6848843794296","35.5455201650833","40.0381193594459","41.1157012149815","41.2266711372396","42.2410378573586","42.8633887465832","43.579298034498","42.5528548533569","42.7357369092186","42.8954867335552","46.2025640804438","47.4903835479733","45.4221025202077","43.6533461050825","39.0790258302226","37.2867067559867","37.1372557833701","37.0853374479185","36.1553440285916","34.0492647723104","33.9194377772319","35.0279026070669","33.4056833752087","33.7310947587075","34.5154447397289","34.27683000553","35.9777433578574","38.8725260851835","242.522119616409%","27.5236163771865","8.04603751417288%","2.89478272732605"
"Arizona","24.9061887689617","26.9987313114255","30.17924130672","34.4487198143441","36.7370723552356","38.2211324878145","43.7771529977183","50.5007057692828","49.2848835367583","56.1467240818791","52.8718058019568","59.8897468661293","58.474153186052","54.1614220024565","58.5249565552434","61.0780349552418","56.279845601222","56.3815312555268","59.5802045507074","65.4869233169423","63.0913316816648","63.9190053004988","66.7083507940039","69.0142918907913","71.7826541546057","66.7386022980521","68.5807357809373","71.7301258604936","76.7249660969022","80.6238737211632","86.6400394620313","88.861708570678","88.2672261840995","90.4936431943351","97.2877002489949","97.2991566407437","100.503815770352","102.353396212854","102.612852590786","93.865335849695","99.4865454399785","97.6615045436171","95.4538569361102","99.3093153344081","97.2954328526849","94.9829025529746","90.8609698603239","90.480865102212","94.0998549393508","92.5556872377753","80.1538965030147","83.0242669971508","233.347939210259%","58.1180782281891","3.58107418274818%","2.87037049413615"
"Arkansas","36.1788886570263","35.0912870518145","37.189109458097","40.82986639787","39.1125116484256","36.3655242851615","38.8575285952452","41.6490527727349","42.4185855526405","40.2459307206684","37.505560729851","42.934561473439","42.71803220971","47.0991621749498","44.9835247427171","49.146719685709","50.0073113151079","47.0647346035246","50.9702510841972","51.3195665790186","50.7816613258973","49.7110101732447","51.3065633050932","50.3940982668543","54.2974784692862","57.6657728725477","60.1933524155828","59.1509962260184","60.529906008834","62.7218596650321","63.340678102346","62.4975840629479","61.2034741331091","62.1901875411052","62.510727686994","60.2367047127059","62.0979511744536","63.3775722828401","64.1708319073619","61.5437661621825","66.0874705329553","67.4843712893614","66.2553510205734","68.5124853537401","68.9142154499472","59.0540147789529","62.1270034707046","64.1763600846404","70.7859908435362","65.073336707927","54.749618705519","62.0249410663075","71.43959742462%","25.8460524092811","13.2883525635497%","7.27532236078852"
"California","294.372199859712","305.833366744362","312.722261001184","329.285277474873","304.471018398028","311.485516141537","326.902402816128","354.482753066707","345.243292667383","362.068049365645","344.412111599024","334.217918247518","298.779345283437","293.4819473831","315.504829808675","320.62755048093","306.681885984611","335.842750874676","344.572845068739","359.393998298498","360.205089808971","348.542314205767","352.331367012194","341.880710597913","359.254282593309","348.751971923733","349.806121335597","352.66797238318","362.667552186696","366.098386578937","382.286455273936","385.559362939152","384.423636412005","374.634361205086","392.687719164241","389.575519378099","397.786376743566","402.553428904919","384.000453966289","370.357760667365","356.592180339394","342.655381494789","348.750202729685","349.714192305124","345.386127300208","351.421508183549","353.372144541642","356.532042865761","358.605130208403","358.266354661875","303.815452862993","324.039052859179","10.0780077105125%","29.666852999467","6.65654093812871%","20.2235999961862"
"Colorado","43.0175594713028","43.5916898202861","47.467615125736","51.0676492187891","50.4805074286171","51.8016563689721","55.1349641785742","58.314615262378","58.4442109350017","58.8945850274116","58.8751813020943","57.8215166424894","58.9850626914243","57.159617122909","60.9305689582126","61.5253518040416","60.7307022010596","61.4007217259956","63.7638909409043","64.9824592630231","66.5439075580285","67.7397420030772","68.7388909930305","72.4439389885557","73.0011752153528","73.0596724869466","76.0117720755592","76.1509400529271","78.4179773015144","80.4581515994058","85.5163804062966","93.301222885794","91.6034852735696","91.0024799575848","93.5457910098329","95.7517595253666","96.6259924667917","99.3311203868081","97.3871662591242","93.3261933247177","95.887378064722","92.5056284038422","91.2071296125711","92.1381264203337","92.774119968985","91.3088567027661","88.4286650898815","88.7781709185103","90.0662466345426","91.7471562921612","79.9112652852634","85.3817814833405","98.4812307641467%","42.3642220120377","6.84573843068148%","5.47051619807711"
"Connecticut","47.8319936346207","45.894755556588","47.2155749749131","48.5769912173281","45.425743533664","41.6880927079815","43.4329168461711","43.0514353434568","43.969455417911","42.0146528482167","40.1478058809101","35.4374141156744","35.444584065491","34.7771577496882","37.9665160033207","37.8671237311326","39.5327020270779","39.7265123051076","42.247766821389","43.7354610559578","40.4426338904301","39.604500094132","39.9750644246934","38.0320901727144","37.3840607057891","36.7137928802842","39.4186186040366","42.3198684476895","39.9163241046537","41.1687756258222","42.7507670546332","41.5661237732473","40.0426365804773","42.9642969936004","44.716782900095","43.9020216103227","40.914923361325","40.1266558133655","37.6519747224725","35.9584152996993","36.4410489353405","35.0350564410976","34.2681708663664","34.6496557776867","34.9799104387502","36.3296727133775","34.0962496753274","33.8603823224485","37.3865977552349","36.6353523409452","33.7690973618948","36.5732571120829","-23.5380875163622%","-11.2587365225378","8.30392272596634%","2.80415975018808"
"Delaware","16.0723068483064","15.9295196788452","16.0138020842072","17.2435187452548","16.6574060843134","15.5431089316345","16.1570297205601","16.1397933809877","16.1834807617288","17.0772376515733","17.4894363610863","16.3429057772975","14.6983033905577","17.6717843777158","18.4327752152294","17.3693086200828","17.1518592058341","17.9191685530279","18.5127718386272","17.7755735494542","18.0373341416078","17.8832770149087","17.7681343083327","19.1307923985856","18.471573625112","17.5171715210525","18.1547496985941","16.8495218804726","16.1962103668351","16.4002467219651","16.6794140496019","15.9963167201773","15.8819794345681","16.6094965166018","16.6185290162423","17.4036529449129","16.2370578892108","17.1157920212705","16.1800247721793","11.9218612401928","13.0791280054496","13.8659449151981","14.5859761094228","14.035684224176","13.7764214497641","13.9056482684868","14.4207537256027","13.7687619218063","13.9919870694048","13.5939829449186","12.4768703876731","12.9666335651477","-19.3231333402895%","-3.10567328315873","3.92536880048442%","0.489763177474597"
"District of Columbia","13.6418206225907","11.8770807188266","11.3057894689891","11.8502161020428","9.84932521116556","7.88970227199035","7.69028043966291","7.92285353669821","7.45023889437721","6.04527505015125","5.24982976401162","4.69151553327342","5.18359575475052","5.02496037320604","5.23835834541313","4.73737040015899","5.20416038621733","5.00042550893327","4.90293010530435","5.03983316821248","4.43622539562206","4.38129366491523","4.35371502992114","4.53181198680091","4.50067577825151","4.41974712780221","4.37828141914177","4.25628372455047","4.06621148121601","4.14296980818999","4.31308830777312","4.08284981603711","4.18607828009673","3.95333726820189","4.02122187349443","3.93305395563885","3.18914237287956","3.3808579830026","3.0807022502893","3.17874859999129","3.22249188810059","3.09067002231432","2.64987588562147","2.82353763944491","3.01284904462232","2.95782404719372","2.75799163202878","2.585220131983","2.85606827583228","2.80754923972093","2.40085187318603","2.52085585406632","-81.5211185969429%","-11.1209647685244","4.9983917050678%","0.120003980880295"
"Florida","104.354245167008","111.502510981567","121.679521428904","132.240485565408","124.294541591394","125.93808771281","134.520240470661","138.182988476558","146.101802014854","153.416193914877","155.794454104459","156.051304558227","140.017985613342","146.141732645721","143.716436269515","152.358688935279","163.401209992989","174.010629472374","183.909355100168","188.187868932551","187.524066121404","188.395794765115","190.697913002581","193.538583636916","201.171417406838","206.848562881085","212.501941518288","217.836280402888","230.337785439321","229.809424715856","239.057624752879","237.388849859379","241.161887692945","246.536648618038","257.125265567867","260.033845282441","259.076622383261","256.689816742928","238.529793492639","224.701848382662","245.461308124173","232.428570032547","226.974378955213","226.983070243669","233.032277023328","237.387043836882","238.837494482939","238.436599377967","242.017701685215","233.617788982009","207.727250225351","226.324206671428","116.880689721074%","121.96996150442","8.95258394163636%","18.5969564460775"
"Georgia","73.5277533233955","79.5680310972279","86.7599038579629","93.1060914595127","91.691935480976","91.4438859838084","96.2260265136909","104.698471859052","106.525318761975","111.442333214473","113.047584553189","113.528671300042","110.097337690951","117.263623108421","130.018405006321","136.61077482274","131.351057174363","136.842515239316","139.127583306666","134.1672991144","139.047386244909","130.979883339895","130.609176714072","140.140349099474","143.068185045822","151.56030876771","156.09261616896","157.140487001495","158.382179101871","160.989611387086","169.675490404231","161.613586916859","166.611521091945","170.462423492277","175.322179103366","185.619259924259","182.950506681053","185.575793221233","172.624794339633","163.045802507987","175.200662338644","160.024631738993","141.641692676607","142.910571826841","148.095572456552","145.680117685016","144.543626518583","141.837769833695","141.923837117182","136.496575730442","116.596997711448","124.119173704667","68.8058836215978%","50.591420381271","6.45143197583415%","7.52217599321895"
"Hawaii","13.9310492057808","15.0557636237099","15.4952760551279","15.9511727996678","15.1032717526785","15.2079374244186","15.6177293872845","16.6675891685196","16.9852393619194","18.3760876518481","18.0924391082447","16.2688128552943","14.9092756820335","14.9078890422732","15.8411642909029","17.0148662290655","16.6489537786161","16.7445922293671","19.6398166443645","20.4910701150385","21.3899767735916","19.4778298697969","20.4351585774774","18.7107409549084","20.0075409930476","19.9970044132512","19.1353737491067","18.6916732851112","18.7049638787976","18.4140439131663","18.7272034630781","19.170969945842","20.438453044634","21.5037777093715","22.4573973937514","23.0395683895724","23.2351662598098","23.9962094973832","19.2658741387911","18.8154464006369","20.4181511640763","20.6255327693516","20.2939852454041","20.1470453225682","19.5781097589916","19.7811812923263","19.8186139916517","20.4326199196732","20.3011406792","20.5326290531322","14.9207337658949","17.3402479746129","24.4719454972385%","3.40919876883215","16.2157856756915%","2.41951420871805"
"Idaho","10.2497839511729","11.0684468129166","11.6443675645181","11.9570319171129","12.0755845418349","13.1350928894198","12.9254267887647","12.8816739166513","13.2982105196649","13.3269970093243","11.21370686424","10.1526006620175","9.7491962850172","9.63175723477228","9.75265225803141","9.92928117034081","9.79625380139968","10.0499055000234","10.5975741812916","11.1756578985369","11.3232074733525","11.9771153677912","11.2558513402173","12.3775762531689","12.533222748956","13.3231105698039","13.7783876807643","13.7816645629689","14.0056900064783","14.8982082847673","15.6926507273276","15.5772049702747","15.0106722307675","14.4880231633226","15.6849194641202","15.7915476891297","15.8344253862371","16.308399227276","15.5034176631839","15.1712298254485","16.2569501861885","15.9583000377381","15.7701415948709","17.2421386954288","16.8490433994476","18.0360945607775","18.3420393352205","18.7027967392042","19.0427853494439","20.0872480147818","19.3604880029663","20.5221350164931","100.220171608053%","10.2723510653202","6.00009159556758%","1.16164701352685"
"Illinois","247.21287086923","243.747717784853","253.312294206027","256.997683743955","252.039592162959","245.42162040423","254.195400571649","256.305535732944","258.84276740712","248.624148636595","232.382994561341","214.156731705754","203.80014253511","210.493372682872","206.663627162075","198.517980497478","196.296671835868","192.248990201812","197.088196837979","193.408214208025","192.835739502571","192.38767114689","188.668648277197","204.130175622622","203.850277585362","207.876308165921","222.243097345084","225.624169911879","217.120450776196","226.917623147023","234.922130709506","225.133433062249","227.444056350586","231.414970415785","237.797985657365","244.448749885287","236.486426589797","243.953648480173","242.253692763291","227.224735539101","233.291787435818","232.082945527498","219.016856141324","233.629088013358","236.733100854223","219.159750525045","207.433194110188","205.979395438908","213.11176655844","203.475091091399","170.156416854033","184.234367593203","-25.4754143886551%","-62.9785032760273","8.27353502116062%","14.0779507391704"
"Indiana","171.932202752688","169.060620782977","184.019705048127","188.392981395096","181.538603658446","178.99076112656","181.372058335028","186.306583425617","185.59661232848","192.779943324696","184.111071766594","179.417976824396","162.170863511634","168.363906244471","185.222830888896","182.895787746811","178.384793212177","184.662883315889","195.146542764693","199.471430456407","206.107660297944","202.36612300061","199.83787574704","204.211936336994","204.016736201877","209.428273281915","214.124207331951","217.990557449683","219.71982580321","226.446767942079","239.725378063077","230.327817908533","233.289501977707","239.738769907077","240.055900353056","238.61884865046","236.724169343319","235.952323911976","231.677033939248","209.092460954093","218.368342888206","209.771849906458","195.439784257806","200.06084308802","205.778724109771","187.236548634718","181.832003063765","175.892354483847","189.21819049926","176.181825481441","154.447601273007","166.380706664917","-3.22888673493927%","-5.55149608777043","7.72631319201738%","11.9331053919107"
"Iowa","53.4749561210957","53.3964671886356","56.3978262286944","59.452561902908","56.1468332759485","55.1384715594452","58.4974275459251","58.7767722661882","58.0746564164132","63.275483156501","59.1526595004261","58.4951782395643","57.3952278748443","56.2698564305837","56.8289543519304","57.8492663267292","56.5577415022049","58.3907648961642","62.4912319098591","62.6415302514021","63.4964200763981","65.5532649964576","63.9417294233417","67.2529424904883","68.412576968583","71.8038928973991","74.8188389700624","74.2529984534282","77.1811899053346","78.1419021731271","79.4070992975966","78.244458562114","78.815703988888","78.9153230740389","80.0377131757258","80.0805696319876","81.3275795742668","87.0351297231234","90.3201658099439","85.4290255095112","90.2831367248806","87.2572992761744","81.3933251884049","82.3747753196556","83.4369865930792","77.4161369756802","73.9838790502855","76.3053187701724","82.4355664490489","77.306447204523","65.6562341444049","73.1423574621309","36.7787143134773%","19.6674013410352","11.4019992393425%","7.486123317726"
"Kansas","51.0786092543387","52.7812211883101","56.0751923538388","57.0587562066569","57.3887024804575","57.575467760782","60.5078411692556","61.9321692822667","67.6835604884311","73.0019194679041","67.9178337557036","64.6072950010619","63.2459191854838","62.9400065116597","70.6871745365438","68.0662699601798","65.187765195906","68.3906226631778","70.7111473982359","68.7619142240254","68.8449999538936","67.7193856145696","65.2092216727713","71.3280186028622","71.6158917967325","69.5475983707574","74.6132603763518","71.2312116540626","70.1130428983122","73.2689239246881","75.8141568444072","71.8327546881305","76.3373920920264","78.8328523767194","76.616178427522","73.0913284937374","72.8586950019075","79.0419860057493","75.0062006539585","73.2161489863333","72.6226641914686","70.7043612158622","66.0693174151213","69.7624978613666","70.3444544060432","64.5130659629028","62.6099879148621","59.0326290604727","62.8585703760826","60.4841675595775","57.7806900890654","59.7584345964598","16.9930729689625%","8.67982534212103","3.42284680980074%","1.97774450739442"
"Kentucky","86.3011819950102","88.4596935738583","94.1376984782726","94.4902283628664","95.2404201483747","91.266126470925","101.03346868133","101.586338500652","102.852981659702","102.699127294273","103.867786158646","103.210975112472","98.452874769206","100.49360657338","105.018354738224","107.711551538887","110.952804469378","112.737401587578","122.914653360784","119.157336851433","120.324540500763","119.964547597418","123.827731668345","134.568486776559","132.501060084867","137.961194718576","139.133962077517","142.962424892604","141.417833241257","146.215307178061","147.078265888457","151.051185543306","151.343535800585","147.796724409404","154.491175557098","156.323213214396","158.73295570128","158.468620700398","155.808267759749","146.021995589475","152.940324498671","151.193392629904","140.630278225876","139.69693031063","140.362337032072","131.346021069964","126.811537133343","116.784833831476","122.773536326905","114.669207817066","101.181096533238","111.29704268566","28.9635206758752%","24.9958606906495","9.99786175384938%","10.115946152422"
"Louisiana","144.123433916346","146.723957458504","155.358918799727","168.895822095648","172.205135263295","159.762412983901","182.665080841706","204.894920007561","212.427894343034","204.048482540404","192.862327650075","192.694119631797","176.752778105766","168.037803097391","175.298357019234","164.863567482797","174.287470126807","176.070938473483","183.319586130555","187.689735307298","191.538380286237","190.678483926854","197.822204309829","201.035922389388","206.106106408222","206.974265884208","213.098336486228","221.410944465767","208.220130489877","206.477816003752","220.642821263874","198.736043757564","204.590314182445","201.622897801731","207.909435358435","201.958983668279","210.102997753709","210.629228505063","204.13070168804","193.505427288446","203.564014429267","207.960338771478","197.1460193132","189.022016464034","186.364159997781","185.58219905364","189.163591005431","193.400328068086","194.770071444404","194.923783981623","183.339837137694","188.600448390665","30.860362722231%","44.4770144743193","2.86932252973495%","5.26061125297122"
"Maine","16.8055477438756","20.5779699191294","22.1589719258369","21.3142989507222","18.7441097538686","16.0720103240165","18.6581388438987","19.0058560501827","17.6665602887399","16.213675695786","14.6132621061045","14.3663343339716","17.4250949654302","13.3154094905337","15.1715482011961","14.7717965403346","18.5834377937948","17.4355240208748","20.4376508268422","19.1236263151293","18.8959104917293","18.3913159010292","19.2149314932943","18.7592396472637","20.1455864694397","18.8519577827021","19.3433439452851","19.5821059410679","19.2557197215607","20.2322596335737","22.2484314039425","22.3828121313639","23.8879122083742","23.7832017010398","24.070583957999","23.0748639761698","21.2295662798115","20.9006825399916","19.0182259544256","18.3296146832323","17.7532623275639","17.3078283697202","15.6213161787816","16.3675836120059","16.4442547410073","16.6795675460679","16.1538979752899","15.3767223220316","14.7632422370059","14.4273045491445","13.5034002277776","14.4076743176133","-14.2683443753632%","-2.39787342626225","6.69663991722316%","0.904274089835756"
"Maryland","74.1988784102697","75.3780740243837","76.2543727901493","81.7384150333792","76.3477208318252","67.1444502867587","72.6360806367584","67.5658231893337","70.2121553265699","73.3487421484455","67.5091836255245","63.1873807298149","61.17429077546","62.4355848920781","68.7229220768273","64.8454511619755","66.5736209613755","71.184297978297","74.1121906658511","77.346301987514","70.3947263817396","69.3169225772373","67.4062460617348","69.6214655947132","70.865428334224","70.4972999494696","72.6931969662426","72.7907837283123","76.0239450659769","78.6037896484374","78.499565947345","79.0201495969241","79.0721600153885","82.1949838316632","83.4061389112676","85.0055318502572","78.1649786526455","78.4860547766174","74.5603527422235","71.3905896754674","71.400936820523","66.8848717586229","62.3661656430753","61.6259169507441","64.23081086672","62.2811483255951","60.4686013718102","55.0416274730248","61.6874396132949","56.8804134732547","48.0902122192274","52.574575502063","-29.1437059043384%","-21.6243029082066","9.32489809442487%","4.48436328283562"
"Massachusetts","99.5700746480574","100.027349342318","103.889964750514","103.241104175141","94.4364204044288","91.8150310986824","96.5483307800468","95.26700593808","93.5093553104801","80.2218015234167","77.6145670771879","73.4271975805607","76.3136459720559","73.3351654337741","80.1918391419892","79.413137243869","84.78464184336","85.5799924459805","85.3419593464855","89.0845372717294","82.9430139054686","81.6824456282876","83.5992723579215","80.7865333389878","81.0973043407691","78.5439350085048","79.1769388828629","85.1948682912339","83.1054530247023","80.7513370218956","82.2992650854081","81.9895599034711","82.9529975480677","84.8309291945286","82.9544620058378","84.3688976855478","76.5739379832468","79.875376769766","76.6648926066838","70.3946850842819","72.7914365982788","68.766684329642","62.4872484421157","66.5155828617163","64.9402900898452","66.7472896462115","64.0908986576225","64.7153745347157","64.1080677347633","63.3382579574981","52.2789421138577","56.118147817611","-43.6395442948421%","-43.4519268304464","7.34369432226072%","3.83920570375333"
"Michigan","186.798647975295","192.678132845625","199.428521051006","199.977989805635","190.371122728253","191.801287899344","193.572727863922","184.989590460952","188.694512592295","188.749397725713","179.428401091896","170.013300921232","158.235821449487","155.031128586157","162.291180786279","166.725148893095","170.416723020204","173.938315726727","180.79726163541","177.92048109652","180.149367403524","178.373670571875","177.19290155083","178.068340724961","185.907700332983","188.950481628718","194.360522002629","191.906987157588","191.111121105846","198.97686953654","194.555201414911","189.561983065631","188.806821958097","187.079191163418","188.907501332564","190.134387864464","179.318876448659","181.997775717815","175.468432830529","164.761707532979","167.521137283738","162.498215332472","155.44124506002","164.028765557065","163.958184813817","164.457971165119","154.521979630354","155.687283955377","163.722412962159","159.255886303779","136.863706378426","147.832460797569","-20.8599942237695%","-38.9661871777261","8.0143631276608%","10.9687544191425"
"Minnesota","69.3296002325742","68.4896773842491","72.6936895640725","76.0057259876694","74.5795344792253","72.7844970594273","77.807461952562","79.4106244553019","80.6817921357636","76.8390527329853","71.4129553394215","67.0402851050983","65.1521202549961","63.2614500078586","67.87477425249","66.6229791423547","64.2147901873569","68.4250133979887","76.9859307965879","79.9760543337199","78.841721415521","78.7049829830053","80.0304228819049","84.5745107857903","86.1865018988976","88.9600328901264","93.9472337248498","91.7125315810597","91.7716718328374","92.5842256514419","98.1325947988854","94.9103602983589","97.2746599012187","101.930910024826","100.815209459508","101.814466362371","99.1338727101314","100.626979879749","100.006633439782","92.2097238902393","91.8840525771083","91.4010916331759","86.4445284386753","90.8224766852738","95.8865672539225","89.3319838578677","91.1018256855656","91.279048150174","94.7566865606458","92.1011880927508","78.3805819148787","83.1583987914539","19.9464565099025%","13.8287985588797","6.09566395126275%","4.77781687657523"
"Mississippi","38.6859679770825","40.5002717711102","43.3125723379867","44.0743174328548","43.3381343768531","40.853049757705","43.3718899172707","47.273334809807","50.1229599954248","50.4152052634903","47.6662109404663","45.139054618628","45.4288193935911","42.7877311012062","44.4933545564227","43.7105637471276","44.746829011017","46.3273459276779","49.3245814561054","45.9916068271949","48.3948461521432","48.100915869574","48.1757283625092","50.4643410599044","50.1548166402599","51.575779327591","54.4380284924821","55.8015649202592","56.6447718118027","61.4523528658607","61.3608967332205","69.7967669729187","62.571847912125","64.1432814229963","65.7283481420864","64.0048095274342","66.2205248334518","68.3186163127709","64.7429613364047","60.6610161909728","63.6803560117157","58.5594509820993","60.1283631763241","57.0801956441137","59.7809538205947","61.2987636055","62.3163697083794","60.4628921534062","63.2345859575411","62.5524643425801","63.1500107399139","63.0519584287569","62.9840526831559%","24.3659904516745","-0.155268874871273%","-0.0980523111569553"
"Missouri","86.6304364855389","89.0624495281998","94.7100734051019","99.9378775302553","97.6700937403697","100.903369912614","107.217558207407","111.359584983167","110.876974561112","110.022620400025","104.529076484503","101.831695774141","101.158645242271","102.650723395151","106.316778039749","100.664229857178","98.8015010943667","101.461216381763","105.343128805762","105.70551641815","102.849651351724","103.224750298933","102.936253704208","101.110419771445","108.810237640533","115.973929326603","122.461961829241","125.971586857483","131.010446974216","131.591104613936","126.732854089842","132.544608304817","133.17700934621","140.71512795228","141.779056103661","144.492512605274","143.114688314109","141.618673803148","138.354256154979","132.078940332561","136.906095803661","136.764773571295","129.057672595344","133.936756488829","133.454002109568","124.74971523567","119.018470934691","124.505736881072","124.7830036762","116.992725166254","108.70488673054","116.951927165567","35.0009672236729%","30.3214906800283","7.58663265568709%","8.24704043502683"
"Montana","14.364791382777","14.8585401505327","15.6973520698669","16.994179137397","16.5542516737774","16.8133967968061","19.4286116521129","20.6198303702509","21.2992889617723","22.7344792444551","20.2939092272195","18.6921788332818","16.3601795945742","16.6332680620158","20.640430581893","22.1451472752247","23.5088678736001","23.5476156140866","28.6439587514071","29.0551688103949","27.9587121328269","29.1623366681041","30.506999619047","28.0625805818611","31.0034232577313","30.6885145559992","27.9276888781094","29.8857289572885","32.0739907325845","32.8276486975297","31.7734769743631","32.0575911616858","31.0218748230985","33.1736868633684","34.8274280594472","35.8776341877634","36.0221908022963","38.01930326833","37.2299836239535","33.1372388027716","34.9546123276672","32.051096241157","30.761286502878","32.128977512422","32.5770558610875","32.5317537872815","31.1380706472484","31.2510889933549","31.2585056459445","32.287479633014","26.2756150347487","28.516861801362","98.5191503411107%","14.152070418585","8.52975948859534%","2.24124676661326"
"Nebraska","27.5315195557115","27.5177630625747","29.4816262240359","30.1804951785785","29.063792646186","28.7181790504258","31.2115795773866","31.2135778256247","30.8181904874257","31.6157810421393","30.1782673114775","28.4307852206865","28.8013987707227","29.9125594687934","31.6031852654455","30.5480668204541","28.9414786749236","30.1044750562286","34.0293536942388","32.4766417189806","32.8378882180727","33.7142240115669","32.5885429686443","35.8944210281533","35.8360818934765","38.4088498453117","39.568933413664","40.9144845297555","42.9224295229485","41.7250393953817","41.6731976497299","42.9099896100765","42.3491666633818","43.6370275393978","43.4033114331083","43.7868644365801","44.3029221130312","44.6142791449853","46.6481343195063","47.3062627489974","50.0072565516748","52.445928426208","50.6220960166661","53.4647294354529","52.1538796214882","50.7108019722182","48.3512734299032","47.8777609725163","52.3562155719964","50.4730507244234","46.515089697572","47.2279291685469","71.5413094906678%","19.6964096128353","1.53249080160769%","0.712839470974856"
"Nevada","10.7731375932517","13.7933889178416","18.9225030368184","20.1005366141359","20.4022661569515","20.9530094812284","22.2359458115631","23.7265107889343","22.5361107187905","23.4556931030069","22.3636659724644","23.8813737438533","25.367285264767","25.213785624295","26.4778004441911","23.4701302149125","27.1136835181543","27.4634867349832","31.3966348406611","31.4118371732128","30.7375320075015","32.6510850322273","33.6442407544311","34.0568941138848","36.3026565131257","35.4872974391967","38.2193791730839","38.1597305379733","40.8218095893774","41.4286195399926","45.6333255754661","44.8018437596567","41.6817865409602","43.975829554167","48.100748115739","50.186645802732","41.6861975879295","41.835036700801","40.9595299467743","39.5081317201448","41.3926626441472","37.9098409597948","37.9246017441308","39.7369067574052","40.5568255379317","38.5181468682077","39.9727418071281","40.2089910325378","41.3843981720064","41.7553089528675","36.2001510898751","39.4263042284937","265.968631582227%","28.6531666352421","8.91198804836193%","3.22615313861863"
"New Hampshire","12.8259512242746","13.3584849934639","14.0896721666812","13.6026427810933","12.5895772886707","12.585299324596","13.6477513785436","14.1045774095633","13.5586516018746","12.909166319217","12.7957378632048","11.5148799308377","11.2282809045383","11.212671786224","13.0412926153432","13.2617867206144","13.9504723159786","15.2174264783867","15.671455890105","15.8698591350431","14.6047792820327","14.281162036515","14.3893091977307","14.8651747726457","14.9369573910913","15.0581406828595","15.2522033510105","16.5096145297839","16.5307178345722","16.6963259222048","17.4691998602938","16.9556872282763","17.6736010480824","21.0310057860614","21.974584905641","21.2599012850758","19.3993320855762","19.1826359487891","18.7337973653995","17.0819066767712","16.7511864162939","16.359566002341","14.7306066061698","14.448489208732","15.154936967423","15.2791358511029","13.8125547967753","13.5122348498282","14.2397664362657","13.9347708301717","12.4581420982119","13.289527317492","3.61436033173133%","0.463576093217389","6.6734286117945%","0.831385219280087"
"New Jersey","129.529653006878","124.976492853863","127.896671309982","131.50435067258","119.857827909002","105.975468959366","117.172348884929","113.172908598379","111.066289809904","109.854205154586","110.975694116952","107.556459108091","109.612072528404","111.122019122999","117.25991860754","112.208169978015","114.217254029894","118.697303234542","116.998669031475","121.615443244809","109.923062514158","110.580953805926","117.352782160645","114.440104797442","124.047810040049","123.762640487933","123.868081510681","125.499202982621","120.946868115448","124.24761470239","124.582961741398","121.338242789551","121.030663146559","123.524412977118","126.076641292905","130.603527018569","123.100918028671","130.780349467673","128.29608321305","111.510365494132","105.570076142485","105.031379806464","98.97949953756","100.428601274925","104.882817731431","103.666844354642","105.627222748986","99.3587779464359","105.076700596092","100.859915282699","83.8315449802112","89.111715584711","-31.2036174604906%","-40.417937422167","6.29854860213566%","5.28017060449982"
"New Mexico","34.9599843905828","37.2311041120698","39.6787195386602","40.050782697807","40.554871922724","39.1929440160249","41.9722160697729","41.7268554512","40.1119211680415","40.5737159875391","44.9113475475177","44.0757553186032","45.1777923452802","48.6713545409616","45.9964167360944","46.6300009350204","43.175872534989","46.3572673172755","48.0689550708905","50.3587523896105","52.838982806857","48.2057245836903","50.9299856798512","51.8142184760123","51.7469601243185","50.3761965272894","52.4933729606161","55.8414071952175","55.3884732169053","56.2993473176034","58.2615357675676","58.3910803126469","55.4788440325025","57.8872790067324","58.9309291981588","59.4988501726149","60.4043547620704","59.0243233154161","56.7919535239109","57.7331697278014","53.9087021089759","56.278286276246","54.1890314440438","53.7552913163025","50.5911985966394","50.692518347231","48.8463225451169","49.6204359940666","45.855474001752","48.9438917722439","45.2132434456144","45.8889952307966","31.2614866131285%","10.9290108402138","1.49458816418484%","0.675751785182229"
"New York","284.90599590963","277.050414758832","274.090779911524","280.36671181455","258.785560411831","244.457056111364","262.588503647375","259.807794784962","254.529745825532","233.187236863609","221.869595677309","205.844854453434","195.595058046841","178.04761464934","183.061857946129","187.919612952132","190.696756449315","201.591885656894","208.94866895061","213.861852311771","207.324353646936","199.45124465725","198.827839532071","193.494924324681","191.677557520637","197.388837667129","199.884729798637","204.195698148136","203.063625216943","205.733934855283","212.235281702001","207.965388195634","202.171079323271","213.048239832667","215.367720131848","211.504248404963","193.757153144399","199.888764202812","190.060879682833","174.069456671178","185.011295714872","175.315677541167","167.892055452273","169.098098176354","176.210653655639","174.361549987838","170.152952267928","165.835227917981","175.099259923295","169.026023794111","143.420161061825","156.048534431453","-45.2280623532577%","-128.857461478177","8.80515910464186%","12.6283733696273"
"North Carolina","97.2765493052505","99.1915357370714","104.46043417189","109.006292123547","104.250906477649","95.2112394250351","106.008054819502","108.197811420877","103.120962456985","110.688149303787","112.67026045526","112.557073603959","108.261777802108","107.701892996135","109.272216472006","107.215851206072","112.513392481172","107.613484190924","111.885689065923","115.821947062237","111.21822312928","110.812289619971","121.291181278188","126.690524146527","121.860493878979","128.306606648834","140.187004306028","142.323512728919","142.07326555933","140.781322382291","149.124383349096","144.306531868307","145.647381462417","147.235686504957","150.166203225316","154.175152634989","148.58007190296","154.428662521802","149.043301119791","132.990869421698","147.166515476961","132.644755174587","124.494743913068","126.188502259541","129.257130495099","124.780740497781","124.899215187794","121.149583893444","124.212889502775","122.620087452089","106.591053595973","115.563768613423","18.7992064261946%","18.287219308173","8.41788753816186%","8.97271501745081"
"North Dakota","14.7522771378604","15.9178448403154","16.8644671633179","16.4000289275942","16.8760953524944","16.2155070592805","18.6152591065989","19.9196713597689","22.3919862873787","24.8947545376503","25.501644213167","26.9507990229835","28.8488292127591","30.0978621274686","34.3821676911714","38.2212794092655","38.9635019474962","39.5090553590547","44.4557483214885","44.156060019277","44.9060600334762","45.8432010405063","47.6292110310097","47.9112126138745","48.2279709038611","48.128093481738","48.9873858222314","47.6146717524992","48.8172918842839","49.8680735937589","51.3228525907709","52.0127818109534","51.8747971536221","51.6519310428903","50.075566537003","53.046318842176","51.297073583766","53.0332641779622","53.4270053385608","51.9889018642745","52.8250875607431","54.3098794389445","56.6850577687133","57.2433522629843","59.2781904554225","57.9231686710867","54.9322065331827","56.9223081366581","59.2838054064037","57.1554377565675","54.2542662966162","56.5403018689764","283.264911176804%","41.788024731116","4.21355909572549%","2.2860355723602"
"Ohio","275.347453292638","269.893697354584","284.920800735559","291.59796570277","291.728976637805","284.314971823494","296.53673096486","293.580130920639","294.49734041022","292.974302733989","274.546825527519","267.93327640136","246.161100742884","234.919419407748","242.036235418773","241.221949902193","245.347002652655","247.398105979325","257.317952298037","257.476477364344","246.701162670542","244.90688269036","249.26121800046","253.793420637954","250.244447002584","252.71101915136","265.625964697039","261.370733432975","260.698103699719","259.863882909163","266.748154876922","256.924337309641","262.825789967296","270.732549651191","265.8685470645","271.941325576583","265.280448787053","271.295388570184","264.758584153644","239.674990728644","247.181214035818","235.115652493445","214.913591812268","228.025906679022","229.722240921005","211.201417168045","205.328434579089","205.064749652017","208.971153670736","196.699285348455","185.664161143472","194.036985882534","-29.5301323610528%","-81.310467410104","4.50966125475976%","8.37282473906186"
"Oklahoma","55.5693386925039","56.3945769269718","59.2643453999248","59.7557914657077","61.9188070901065","62.4582892404539","68.9983195351052","72.2083490830434","77.0676972376206","80.104276780422","77.2893482594119","80.1395158639369","84.7699449641484","85.390444965378","87.294624390495","84.1468901701687","77.8583220258075","82.4631392311064","85.7615395277942","87.1723592077376","87.8510167834579","89.1313024518754","92.1660024340666","95.1851033658944","93.4462841649075","94.6154102456917","97.2970114016705","98.5860767323079","97.1370018190847","96.1910317076926","100.16725550757","101.46252907347","101.622985561763","104.150893913575","99.7003661461999","106.421688728789","109.158677520147","109.424279280633","111.974092558646","106.229301622747","105.841306592187","106.943534190026","104.743531834682","102.997977293815","104.455282260985","100.290137302971","96.1034697351606","93.4537052049875","98.514745268235","91.4674184786131","84.3648289367668","87.8034740245425","58.0070522530563%","32.2341353320386","4.07592255103488%","3.43864508777568"
"Oregon","25.6283059743409","27.0014778264233","29.3370560775708","29.6469076575933","27.345773702855","26.7573155646514","26.6938056579111","27.5017473385147","29.6305105945179","30.153621238337","28.2719878936131","29.8374835476545","28.9306410393591","25.711456855725","27.2889072790397","26.881481562881","26.4076469069217","27.6522370815215","29.4987762739218","30.5823992858976","30.8192033321466","34.4076923176556","35.5162496070866","35.1088895243573","36.8141683064154","34.1439858101406","36.2373902874883","35.8798325047494","41.6298694816313","43.1551704066963","41.5392152296256","40.6323398434851","39.0948208517799","39.7848890286227","40.7171316925045","41.0682972205633","40.2882120424038","43.6717629807737","42.5864865559103","40.7959054729033","40.6139618802359","37.0484598117132","36.7303044842148","39.0259153711298","37.8489365969588","37.8945658132901","37.6656090137076","38.7933244456087","39.5810437744794","41.8473530442793","37.5197909681774","38.5381920282808","50.3735442633833%","12.9098860539399","2.71430366167864%","1.01840106010342"
"Pennsylvania","306.705930149136","303.390036199914","314.961456999888","325.609615117131","305.026460023646","291.267000635318","308.573622782065","302.964910260947","302.677093861156","316.093921929852","294.426415648458","271.514164820411","240.929663642046","246.162705731003","262.65624656894","250.961616585603","246.043797415684","257.003590498995","269.397010124224","272.288204638674","264.38831918619","257.049312554332","265.127808704071","269.457220618588","266.875644945675","269.736969269705","275.191537261406","276.887909419285","266.281626902836","264.866977450725","278.502169535595","265.048024721091","271.938453934092","276.300120231284","279.238823704971","281.591805300423","275.643723327003","278.624231359717","269.946841591167","245.263834625161","256.095684554833","249.745538275006","239.770064798523","249.522469929285","249.386299545366","232.933387136847","217.986066284141","215.300084578816","220.204267894789","218.757991961206","193.26577222334","213.509722696385","-30.3861772113223%","-93.1962074527511","10.4746692806275%","20.2439504730456"
"Rhode Island","13.1239713876235","13.5639116260952","13.4928179019985","12.5443863926109","11.533495593601","10.4978721663657","10.6247268858498","11.0009951472853","10.1244373599761","9.26595170716094","8.36257123605813","7.76644879865532","7.43923520208475","7.67993498048966","8.47282580440842","8.46895524622994","9.51710042761918","9.83975537483328","10.3368344461033","9.25226819934529","8.8766977129574","10.73349337549","12.9384779622245","10.800605894336","12.7510503072446","12.0286761597422","13.4694514958587","13.5675430684219","13.7809507277098","13.1342508194339","11.7660379663205","12.292193808958","11.7187518145624","11.5732733029363","10.9757156802299","11.2038917621976","10.5257946366455","11.065183991638","10.645816187468","11.2387473351236","10.9997965456391","11.0069215275403","10.4872500566668","10.0752234886232","10.5361050402948","10.8045967762931","9.58905070385528","9.9653123840113","11.0573865852602","10.3661022075562","9.82626458905361","10.6421091356317","-18.9109087385878%","-2.48186225199185","8.30269263751462%","0.81584454657806"
"South Carolina","42.1913934890336","44.0521914191226","46.862064984462","48.8339539887082","45.6911642220932","42.6260677476269","50.6175767293475","54.1144061745432","53.1529196790301","52.8219884799619","55.1402998155958","55.73947135607","52.3692544281059","49.706658687988","53.1393089499279","54.0718753009727","54.3476402323479","58.1588991742205","61.4778742293091","60.8580485170076","61.0374736372935","62.1744188317973","61.4026503212089","65.854122398233","66.0736400974984","65.1492581807451","69.4307689728014","71.4591884159491","74.978094363979","78.6376387023041","82.0115571835411","80.4176184448636","81.8129991043859","82.7649264583869","90.3345266809765","88.613962753277","89.2376567074226","89.3870358251372","86.9503943356568","82.0946334202548","85.8651016284276","81.1692807136718","74.4688110624083","70.2366360560099","74.7075581887745","73.3996824660781","72.2585967392003","69.9645070202773","74.1487269186585","69.4177041048043","63.5690042941214","69.3394318461442","64.3449673312329%","27.1480383571106","9.07742321292975%","5.77042755202288"
"South Dakota","9.35369529224246","9.30011286662725","9.67857255818175","9.44606934927537","9.16315958657119","10.8897133792525","12.4794002920719","12.2989860704122","12.9067747660267","12.6909471263397","11.5945177824336","10.9068694243745","11.3935194350139","10.4018137795306","10.8119571145895","11.0411598991694","10.6660604372646","9.40651441945822","11.4806381068908","11.6957435760249","11.7457843668926","11.5212363240305","11.6015482670432","12.2730718326847","12.9402241854371","12.7469811745112","12.7331688983987","13.2523849960329","12.8146078962649","13.4523198456886","14.2305802021432","13.503998420024","13.7706292045192","13.7696109432524","13.7938775999571","13.2956617106186","13.3880762771078","13.8608550075165","14.9381441217374","14.6937284675262","15.0781623556374","14.611458297799","14.8902199448342","15.3619723309247","15.3802196562184","14.1398711310411","14.8041754914334","14.6559712429892","15.5246688605588","15.9801490397727","14.9517529578239","15.1563929646773","62.0364197372062%","5.80269767243482","1.36866899440222%","0.204640006853353"
"Tennessee","77.9014722842342","76.3313261871454","86.9885539756555","98.6466751327265","90.2958255672995","89.6940703779741","101.987938960273","102.457499747511","104.217412073432","101.762392790611","100.798395724611","99.4203138156303","88.2072008321156","94.8006472333118","98.8196906820956","103.19813829653","104.695475054583","103.615294097637","106.450156782044","103.023986970755","105.299522681564","100.569030731109","106.250994689633","116.991538332948","111.675383005418","118.565143205829","119.622179349381","122.78731594623","122.030267374887","122.851218466735","128.727077586371","127.217064747832","126.363851009249","125.144950773674","127.160970783153","128.308159713582","129.929299234502","129.054697391952","122.500746438638","101.947284778076","109.266709423949","105.502676846692","99.0253974988628","97.2687431793091","102.520573132893","98.7051538641254","101.356501625216","97.4090251613186","93.8361073618477","92.253527826988","83.30984439273","92.6661177639938","18.9529736047718%","14.7646454797595","11.2306936106584%","9.35627337126377"
"Texas","358.910969200892","375.778078354201","398.160826066307","434.669916397182","427.355094519643","406.64996617477","422.052596342803","461.131554903533","492.488279609666","512.30209468646","516.551605150352","511.616874987131","485.773076643782","488.205417305678","507.350943383504","512.997091100447","508.524092425524","515.925741275924","546.814801765438","565.678099266528","570.212525116358","564.406123730843","570.792793569822","587.174489392215","587.076752903948","590.423024791254","635.695743854294","649.760705005219","656.476604711635","646.856348025692","673.038576471441","666.899559921758","678.252340396462","671.219720082636","670.653017737781","645.02157565476","648.38215954499","646.192763112898","623.648595373166","590.457027590914","615.543957188042","635.041655133607","627.109709159712","657.830179026625","661.990467928648","655.258601520357","656.870947645404","665.085544627511","684.814848842774","683.415249918009","624.681652602036","663.458164143465","84.8531310203867%","304.547194942573","6.20740362389534%","38.7765115414281"
"Utah","24.3922853725675","25.5110768251799","25.7794586695163","28.2435612718104","29.6137694370174","31.0017128862452","30.7630565795328","31.9698247315298","34.1058077086211","36.6835612766805","35.948147875198","33.7558871579209","32.2183884946417","33.505507691966","35.8363246271898","36.8770499931697","35.8894806087353","44.5356152704669","51.6547771071028","52.2658579178908","54.472970828829","53.3859527464222","54.9683445756984","56.6841644850025","57.7687927220293","57.9995655519425","58.8028738826454","61.1338650525676","63.571014633222","62.4469561787099","65.4013125665342","63.1908608309786","62.5618700810249","63.5501643043126","65.9558773816785","67.5301384559159","68.7613390740133","70.6981975488972","69.787819995312","65.0841322231988","64.005428440837","64.456874318341","61.6368038539422","66.4790749474086","65.2795463242278","63.6138163167379","58.8267567880719","59.0315562809779","61.2487479196305","61.5099843205621","57.3780561909432","62.053606470648","154.398493305739%","37.6613210980804","8.14867318639281%","4.67555027970478"
"Vermont","5.53824059881789","5.49395229395294","5.77261474007317","5.92738441193421","5.30714004424785","5.17121697001","5.87117391080746","5.83469752494022","5.80166124525937","5.3546681406628","4.61273476098877","4.46814070173307","4.05362754111211","4.41106643559063","4.97045801779557","5.17696740383273","5.05508825187911","5.44686030002511","5.72497871491116","5.63187850137176","5.46628541536734","5.66385379012965","6.12219827408941","6.18446870490149","6.01846152432484","5.99126885290289","6.28297456077418","6.49509563529658","6.25228631027648","6.51064304623823","6.78442194724629","6.62389038735361","6.36092845316778","6.66586341202562","7.073433273386","6.8165161616243","6.67881934394164","6.51105503085238","5.92749594950903","6.18926938158793","5.87724313988746","5.81243376437446","5.4534348770336","5.72953918994982","5.89084558207806","6.12703869071167","5.91359633857103","5.83113704282034","5.85431402932196","6.02067381133051","5.4227880964945","5.57240092943893","0.616808352969156%","0.0341603306210381","2.75896513531753%","0.149612832944432"
"Virginia","86.6216843796628","87.4210556134804","88.6815186093426","89.568348529254","84.9822642471022","81.1682022469155","86.1109859899855","87.3909096354443","84.7388922355545","89.5148368267068","81.8913152674905","78.3072101675374","74.809338171566","77.2580110110923","83.0231799182672","82.4205654461414","87.2662493240648","93.8067821623418","97.0424470615348","100.092020700772","95.0864440727393","96.1364838847546","97.3760972239832","101.680596304337","100.579532919475","103.022720689555","107.807854462531","110.014152192203","111.877006232788","113.927804280957","123.309059978047","120.831992610463","119.336077797708","124.114728499794","127.729766215654","129.405964720231","123.017661623306","128.175120795637","116.763208960001","105.907699490383","111.886560174691","102.519400163232","98.5625839948133","105.767402231276","107.442617572512","107.620951715574","110.065500156151","105.584973735602","110.056785744794","106.794625867687","98.1758485670701","97.953402696646","13.0818494215793%","11.3317183169831","-0.226579014768746%","-0.222445870424124"
"Washington","44.7633984610311","46.1255358439771","52.2995801864934","57.4151085046064","53.1462936911443","54.8931448489024","54.9336724013197","60.1246708852428","58.9258033414927","61.8108883993861","58.0529034581551","58.9658354566825","54.918534023288","50.3114902052603","56.9821826046111","59.5484603883586","60.6009171252461","66.394705762427","70.3015729879327","72.4141597425721","71.6517391593012","72.0617690315171","80.3233422586759","75.2164083241947","80.3184573311323","78.2347296039917","81.8008814046514","79.476558852933","84.2193376541904","85.6691184339522","84.3387444119939","79.6329916392365","73.3349576500393","75.7483683822222","77.6499395118858","79.1642934733769","77.0119912531936","82.1303426603875","79.2065799316788","76.8994456437792","73.3500923280876","68.8957303689729","67.8780484069856","73.8308027602605","72.4695181746141","75.1381982778796","79.405622333171","79.1211474682734","78.6603259690035","84.2300257456663","68.3933121601985","73.8010765601909","64.8692438408995%","29.0376780991597","7.90686140090082%","5.40776439999235"
"West Virginia","76.9737811635295","78.0065401517707","89.011772982335","97.6015936269477","100.31438047948","97.835074001086","104.165409460888","102.945132751545","96.6846112202087","100.940577339532","102.451272716905","104.002896592303","95.8372072289146","97.4090072423578","105.490109137441","102.207317497449","101.647319937675","102.007206598535","106.869425679232","109.577065996434","103.386373619301","95.7945633325707","97.9406696968867","98.8066721091066","106.471223677852","104.892669829862","107.850423347635","111.158703257199","115.298838525441","116.439198383654","115.710609896263","105.671605709605","118.665260569414","115.407497190882","112.673817603547","114.691542535366","114.821992571997","116.998976426091","112.742248918491","90.1391248696208","100.576496310913","97.8911075028193","92.1517056035623","94.3013512693826","99.886649274295","91.9667887865902","94.492648348847","90.8456085186262","89.1495085820825","85.4502370995566","76.9331580446819","88.4145531497252","14.8632064233534%","11.4407719861957","14.923857796628%","11.4813951050433"
"Wisconsin","88.1857918522348","84.7700024876802","84.2603284280115","85.4435303196848","82.0634608015042","80.8104563809106","84.122873684282","87.1942460667868","88.62208247983","88.3287631361058","81.6750749685486","78.300368979798","77.1398724171235","78.7307112397367","81.0623238176009","80.6707852774823","80.317599136411","81.8678371766848","86.4142728492918","87.0461179074128","85.7671595603451","87.9274372416541","87.0303156342392","90.4411409763379","93.6521435899114","96.6244725409448","100.603021271837","103.139433871362","101.08413057084","105.407609762111","107.794425121707","105.902637043586","107.147215324559","105.601079569637","107.757726932433","110.963656761502","103.149835030164","104.797669375289","105.27446229552","96.4109742824195","99.0259858063641","98.2013926274417","90.8641656945298","101.293943809084","101.215410221641","99.8586047150197","95.6174271079263","98.6483609118914","101.177733037809","94.8287742413991","87.0485118385572","92.4617438948395","4.84879928250752%","4.27595204260473","6.21863825348552%","5.41323205628238"
"Wyoming","18.5942753091777","18.7865273568774","21.6639166428447","23.6877809752175","23.8987757495022","25.3355146035658","30.8596010468988","36.28212338271","37.1239743916898","42.005847695627","41.0705647250333","45.0657952804599","46.5022267462297","42.1419716627176","46.3543589566656","50.5249766456489","43.1764489102441","53.2935851220543","55.5016599094904","53.6151968696916","57.2183073031748","55.4957459605768","61.1443368010546","58.1958095478906","60.4013731710555","58.1921900332397","59.6251657783813","59.0625554565395","63.9566689168702","62.5330458118867","63.4716567254139","63.7219067077245","62.4926384507723","64.4884226096426","64.4157471369144","63.7225093581519","64.4910244219852","66.8237165187592","67.2384008227572","64.054567250218","65.6238913288798","64.4714223331414","66.7491456060719","68.9486893312022","65.9288769351566","64.093043783301","61.2601385685728","62.7969956683097","63.8465207600976","59.0974021998297","55.6267614689857","54.596720287298","193.621124671367%","36.0024449781203","-1.85170079020689%","-1.03004118168771"
